{"stats":{"minecraft:dropped":{"minecraft:grass_block":1},"minecraft:used":{"minecraft:stone_bricks":6,"minecraft:ender_eye":12,"minecraft:sand":2,"minecraft:grass_block":1,"minecraft:axolotl_spawn_egg":4,"minecraft:obsidian":5},"minecraft:custom":{"minecraft:time_since_rest":4998,"minecraft:crouch_one_cm":478,"minecraft:sprint_one_cm":4875,"minecraft:play_time":16548,"minecraft:deaths":3,"minecraft:damage_taken":740,"minecraft:walk_one_cm":10428,"minecraft:sneak_time":1370,"minecraft:walk_under_water_one_cm":2045,"minecraft:drop":1,"minecraft:jump":46,"minecraft:damage_dealt":40,"minecraft:leave_game":7,"minecraft:walk_on_water_one_cm":887,"minecraft:time_since_death":4642,"minecraft:climb_one_cm":87,"minecraft:total_world_time":16548,"minecraft:swim_one_cm":312,"minecraft:fall_one_cm":406,"minecraft:fly_one_cm":1008469},"minecraft:picked_up":{"minecraft:grass_block":1}},"DataVersion":3465}