{"stats":{"minecraft:dropped":{"minecraft:grass_block":1},"minecraft:used":{"minecraft:stone_bricks":6,"minecraft:ender_eye":12,"minecraft:sand":2,"minecraft:grass_block":1,"minecraft:axolotl_spawn_egg":4,"minecraft:obsidian":5},"minecraft:custom":{"minecraft:time_since_rest":7896,"minecraft:crouch_one_cm":478,"minecraft:sprint_one_cm":5431,"minecraft:play_time":19446,"minecraft:deaths":3,"minecraft:damage_taken":740,"minecraft:walk_one_cm":10827,"minecraft:sneak_time":1424,"minecraft:walk_under_water_one_cm":2045,"minecraft:drop":1,"minecraft:jump":52,"minecraft:damage_dealt":40,"minecraft:leave_game":8,"minecraft:walk_on_water_one_cm":887,"minecraft:time_since_death":7540,"minecraft:climb_one_cm":87,"minecraft:total_world_time":19446,"minecraft:swim_one_cm":312,"minecraft:fall_one_cm":406,"minecraft:fly_one_cm":1064172},"minecraft:picked_up":{"minecraft:grass_block":1}},"DataVersion":3465}