{"stats":{"minecraft:dropped":{"minecraft:grass_block":1},"minecraft:used":{"minecraft:stone_bricks":6,"minecraft:ender_eye":12,"minecraft:sand":2,"minecraft:flint_and_steel":1,"minecraft:grass_block":1,"minecraft:axolotl_spawn_egg":4,"minecraft:obsidian":21},"minecraft:custom":{"minecraft:time_since_rest":556,"minecraft:crouch_one_cm":667,"minecraft:sprint_one_cm":6652,"minecraft:play_time":28692,"minecraft:deaths":4,"minecraft:damage_taken":980,"minecraft:walk_one_cm":14275,"minecraft:sneak_time":2102,"minecraft:walk_under_water_one_cm":2045,"minecraft:drop":1,"minecraft:jump":83,"minecraft:damage_dealt":40,"minecraft:leave_game":9,"minecraft:walk_on_water_one_cm":887,"minecraft:time_since_death":498,"minecraft:climb_one_cm":87,"minecraft:total_world_time":28692,"minecraft:swim_one_cm":312,"minecraft:fall_one_cm":406,"minecraft:fly_one_cm":1160702,"minecraft:open_chest":2},"minecraft:picked_up":{"minecraft:book":5,"minecraft:wheat":11,"minecraft:bone":2,"minecraft:potato":16,"minecraft:terracotta":12,"minecraft:emerald":2,"minecraft:grass_block":1,"minecraft:gunpowder":2,"minecraft:melon_seeds":11,"minecraft:string":3,"minecraft:dirt":30,"minecraft:paper":5}},"DataVersion":3465}